"","DEPREG","MUPREG","MESREG","AÑOREG","AÑOOCU","CLAUNI","NUNUHO","NUNUMU","EDADHOM","EDADMUJ","PUEHOM","PUEMUJ","NACHOM","NACMUJ","ESCHOM","ESCMUJ","CIUOHOM","CIUOMUJ","DEPOCU","MUPOCU","DIAOCU","MESOCU"
"1",1,"0101",2,2021,2020,3,9,9,33,33,4,4,320,320,4,4,1,1,1,"0115",20,12
"2",1,"0101",4,2021,2020,3,9,9,30,31,9,4,320,320,4,4,1,1,1,"0116",20,12
"3",1,"0101",3,2021,2020,2,9,9,37,34,4,9,320,862,1,9,97,11,1,"0101",26,9
"4",1,"0101",8,2020,2020,3,9,9,27,34,4,4,320,320,4,5,97,12,1,"0101",14,3
"5",1,"0101",8,2020,2020,3,9,9,54,47,4,4,320,320,3,5,97,12,1,"0101",6,8
"6",1,"0101",12,2020,2020,3,9,9,54,39,4,5,320,170,5,5,97,12,1,"0101",29,2
"7",1,"0115",2,2020,2020,3,9,9,29,42,4,4,320,320,4,9,97,12,1,"0102",11,1
"8",1,"0115",12,2020,2020,3,9,9,41,38,4,4,320,320,4,5,97,12,1,"0115",9,8
"9",3,"0301",3,2020,2020,1,1,9,42,35,9,4,840,320,9,5,97,12,3,"0301",7,3
"10",9,"0914",11,2020,2020,3,9,9,28,33,4,9,320,320,4,9,97,12,9,"0901",7,11
"11",12,"1202",12,2020,2020,3,1,1,30,30,5,4,320,320,3,5,97,12,12,"1202",27,11
"12",12,"1219",1,2021,2020,3,1,1,27,25,4,4,320,320,4,5,97,12,12,"1219",19,12
"13",20,"2009",8,2020,2020,3,9,9,36,34,5,4,320,320,4,5,71,12,20,"2009",22,7
"14",1,"0101",3,2021,2020,3,9,9,33,26,4,9,320,862,4,9,52,12,1,"0101",3,12
"15",1,"0108",2,2020,2020,3,9,9,38,41,4,4,320,320,4,5,52,12,1,"0108",11,2
"16",4,"0401",3,2020,2020,3,9,9,46,37,4,4,320,320,5,5,52,12,4,"0401",2,3
"17",16,"1609",6,2020,2020,3,9,9,39,33,4,1,320,320,4,5,52,12,16,"1609",29,5
"18",17,"1701",12,2020,2020,2,2,1,50,40,4,4,320,320,5,6,52,12,17,"1701",15,12
"19",1,"0102",3,2021,2020,3,1,1,37,42,4,4,320,320,4,5,43,12,1,"0101",14,11
"20",1,"0101",3,2020,2020,1,9,9,38,46,4,4,320,320,4,5,31,12,1,"0101",24,2
"21",1,"0106",3,2021,2020,3,1,1,30,28,4,4,320,320,4,5,31,12,1,"0101",28,11
"22",1,"0101",12,2020,2020,3,9,9,30,32,4,4,320,320,4,5,33,12,1,"0101",15,2
"23",1,"0101",1,2021,2020,1,9,9,43,36,4,4,320,320,4,5,33,12,1,"0101",1,12
"24",1,"0113",3,2020,2020,2,9,9,39,38,4,4,320,188,4,9,33,12,1,"0101",2,3
"25",3,"0309",12,2020,2020,3,9,9,31,27,4,4,320,320,4,5,31,12,3,"0309",28,11
"26",3,"0301",1,2021,2020,3,9,9,32,30,4,4,320,320,4,5,35,12,3,"0301",6,12
"27",4,"0401",10,2020,2020,3,9,9,63,35,4,4,320,320,4,9,33,12,4,"0401",18,10
"28",1,"0106",3,2021,2020,3,1,1,31,26,9,9,604,604,5,5,21,12,1,"0101",14,11
"29",1,"0101",6,2021,2020,2,9,9,50,52,4,4,320,320,5,5,21,12,1,"0101",29,11
"30",1,"0101",1,2021,2020,3,9,9,43,40,4,4,222,320,5,9,21,12,1,"0103",10,12
"31",1,"0101",9,2020,2020,3,9,9,34,39,9,4,720,320,9,9,21,12,1,"0108",27,6
"32",1,"0101",5,2020,2020,3,9,9,59,41,4,4,320,320,5,5,21,12,1,"0108",9,5
"33",1,"0101",7,2020,2020,3,9,9,38,29,4,4,320,320,9,5,21,12,1,"0115",4,7
"34",1,"0101",7,2020,2020,3,9,9,55,45,4,4,320,320,5,5,24,12,1,"0101",25,1
"35",1,"0101",7,2020,2020,1,9,9,33,32,4,4,320,320,5,5,25,12,1,"0101",15,2
"36",1,"0101",3,2021,2020,3,9,9,44,42,4,4,320,320,5,5,25,12,1,"0108",18,1
"37",1,"0101",2,2021,2020,2,9,9,28,29,4,4,320,320,5,5,26,12,1,"0101",28,11
"38",5,"0501",11,2020,2020,3,9,9,43,37,9,4,320,320,5,5,24,12,5,"0501",21,11
"39",1,"0101",1,2020,2020,1,9,9,31,31,4,4,320,320,5,5,12,12,1,"0101",3,1
"40",1,"0101",12,2020,2020,1,9,9,36,37,4,4,320,320,5,5,12,12,7,"0719",4,4
"41",1,"0101",6,2021,2020,3,9,9,26,29,4,4,320,320,9,5,35,14,1,"0102",13,12
"42",1,"0101",5,2021,2020,3,9,9,34,30,4,4,320,320,4,9,97,21,1,"0101",14,11
"43",1,"0106",2,2021,2020,3,1,1,37,38,4,4,320,320,4,9,97,21,1,"0101",21,11
"44",1,"0101",11,2020,2020,3,9,9,27,24,9,4,76,320,9,5,97,21,1,"0101",15,11
"45",1,"0101",10,2020,2020,3,9,9,50,37,4,4,840,320,6,9,97,21,1,"0101",4,7
"46",1,"0115",3,2020,2020,3,9,9,33,32,4,4,320,320,4,5,97,21,1,"0101",8,2
"47",1,"0101",3,2020,2020,1,9,9,41,36,4,4,840,320,6,5,97,21,1,"0101",22,2
"48",9,"0916",10,2020,2020,1,9,9,35,31,4,4,320,320,4,5,97,21,1,"0101",24,10
"49",1,"0101",6,2021,2020,3,9,9,28,33,4,4,320,320,4,5,97,21,1,"0101",7,8
"50",1,"0101",11,2020,2020,3,9,9,27,23,4,5,320,320,4,9,97,21,1,"0101",3,10
"51",1,"0106",5,2021,2020,3,1,1,33,36,4,4,320,320,4,5,97,21,1,"0101",9,5
"52",1,"0101",1,2021,2020,3,9,9,39,32,9,4,320,320,5,5,97,21,1,"0101",28,11
"53",1,"0101",9,2020,2020,3,9,9,29,35,4,4,320,320,4,5,97,21,1,"0101",24,7
"54",1,"0101",7,2020,2020,3,9,9,30,29,4,4,840,320,4,9,97,21,1,"0101",13,6
"55",1,"0101",12,2020,2020,3,9,9,37,39,4,4,320,320,4,5,97,21,1,"0101",5,12
"56",1,"0101",3,2020,2020,3,9,9,27,34,9,4,840,320,1,5,97,21,1,"0101",8,1
"57",1,"0101",12,2020,2020,1,9,9,31,29,9,4,320,320,4,9,97,21,1,"0101",18,7
"58",1,"0101",3,2021,2020,3,9,9,33,32,4,4,320,320,4,9,97,21,1,"0101",7,11
"59",1,"0101",11,2020,2020,2,9,9,30,33,4,4,320,320,4,9,97,21,1,"0101",6,11
"60",1,"0101",2,2021,2020,2,9,9,44,34,4,4,320,320,5,5,97,21,1,"0101",8,1
"61",1,"0108",2,2021,2020,3,9,9,31,46,9,4,862,320,1,5,97,21,1,"0108",19,12
"62",1,"0101",1,2021,2020,3,9,9,28,28,4,4,320,320,4,9,97,21,1,"0108",11,12
"63",1,"0115",12,2020,2020,3,9,9,32,33,4,4,320,320,4,5,97,21,1,"0108",24,10
"64",1,"0101",12,2020,2020,3,9,9,40,32,4,4,320,320,4,5,97,21,1,"0108",14,11
"65",1,"0101",1,2021,2020,3,9,9,32,31,4,4,320,320,4,9,97,21,1,"0108",5,9
"66",1,"0101",5,2021,2020,2,9,9,34,40,4,4,320,320,4,5,97,21,1,"0108",21,11
"67",1,"0101",11,2020,2020,3,9,9,27,31,4,4,320,320,4,9,97,21,1,"0108",2,5
"68",2,"0201",6,2020,2020,3,9,9,28,26,4,4,320,320,4,5,97,21,2,"0201",7,3
"69",1,"0101",7,2020,2020,2,9,9,35,33,9,4,484,320,9,5,97,21,3,"0301",29,2
"70",1,"0101",2,2021,2020,1,9,9,37,31,9,4,320,320,4,9,97,21,3,"0306",12,12
"71",1,"0101",10,2020,2020,3,9,9,33,31,4,4,320,320,4,5,97,21,3,"0308",26,9
"72",3,"0309",1,2021,2020,3,9,9,25,28,4,4,320,320,4,9,97,21,3,"0314",5,12
"73",5,"0502",11,2020,2020,3,9,9,33,31,4,4,320,320,3,5,97,21,5,"0502",18,10
"74",1,"0113",12,2020,2020,2,9,9,30,33,4,4,320,320,4,5,97,21,6,"0609",5,12
"75",1,"0101",9,2020,2020,2,9,9,30,27,4,4,320,320,5,9,97,21,7,"0710",7,3
"76",1,"0106",11,2020,2020,1,1,1,41,42,4,4,320,222,4,5,97,21,7,"0711",26,9
"77",9,"0901",3,2021,2020,3,9,9,30,27,4,4,320,320,4,5,97,21,9,"0901",18,12
"78",10,"1001",1,2020,2020,3,9,9,34,35,4,4,320,320,5,5,97,21,10,"1001",18,1
"79",9,"0901",6,2021,2020,1,9,9,25,27,4,4,320,320,5,5,97,21,10,"1001",20,6
"80",12,"1202",12,2020,2020,3,1,1,28,29,4,9,320,320,5,9,97,21,12,"1202",5,12
"81",13,"1301",2,2021,2020,3,9,9,34,32,1,1,320,320,5,5,97,21,13,"1301",4,12
"82",13,"1301",9,2020,2020,3,9,9,33,30,4,4,320,320,4,9,97,21,13,"1301",1,8
"83",20,"2001",1,2020,2020,2,9,9,31,32,4,4,320,320,5,9,97,21,20,"2001",11,1
"84",6,"0614",5,2020,2020,3,9,9,38,57,9,9,320,192,2,9,92,21,6,"0614",24,4
"85",1,"0101",6,2021,2020,3,9,9,42,39,4,4,320,320,3,6,71,21,3,"0308",21,3
"86",1,"0101",12,2020,2020,3,9,9,37,30,4,4,320,320,5,9,51,21,1,"0101",30,8
"87",1,"0101",12,2020,2020,3,9,9,32,32,4,4,320,320,4,9,52,21,1,"0101",17,10
"88",1,"0101",9,2020,2020,1,9,9,30,31,4,4,1021,320,5,9,52,21,1,"0101",14,6
"89",1,"0101",10,2020,2020,3,9,9,30,31,4,4,320,320,4,5,52,21,1,"0101",7,3
"90",1,"0109",12,2020,2020,3,9,9,34,41,4,4,320,320,4,5,52,21,1,"0108",16,11
"91",1,"0101",8,2020,2020,3,9,9,44,35,4,4,320,320,4,5,52,21,1,"0108",24,7
"92",1,"0101",12,2020,2020,3,9,9,29,31,4,4,320,320,4,5,54,21,1,"0114",28,11
"93",1,"0101",2,2021,2020,3,9,9,29,30,4,4,320,320,4,5,52,21,3,"0314",26,9
"94",16,"1601",6,2020,2020,3,1,1,26,30,4,4,320,320,4,5,52,21,16,"1601",29,5
"95",20,"2001",6,2020,2020,3,9,9,29,25,4,4,320,320,3,5,52,21,20,"2001",15,6
"96",1,"0101",4,2020,2020,1,9,9,30,31,4,4,320,320,4,5,43,21,1,"0101",8,3
"97",1,"0101",10,2020,2020,1,9,9,34,33,4,4,320,720,5,9,43,21,1,"0117",15,3
"98",3,"0309",12,2020,2020,3,9,9,28,31,4,4,320,320,4,9,31,21,1,"0101",5,12
"99",1,"0101",11,2020,2020,3,9,9,25,26,4,4,320,320,4,9,31,21,1,"0101",17,10
"100",1,"0101",9,2020,2020,3,9,9,31,32,4,4,320,320,4,9,31,21,1,"0101",7,6
"101",2,"0207",1,2021,2020,3,1,1,30,30,4,4,320,320,4,9,31,21,1,"0101",31,12
"102",1,"0101",1,2021,2020,3,9,9,29,32,4,4,320,320,4,9,31,21,1,"0101",22,11
"103",1,"0101",3,2020,2020,3,9,9,30,29,4,5,320,320,4,5,31,21,1,"0101",29,2
"104",1,"0101",10,2020,2020,3,9,9,26,27,1,9,320,484,4,9,31,21,1,"0101",8,3
"105",1,"0101",5,2021,2020,3,9,9,34,33,4,4,320,320,4,9,31,21,1,"0101",14,11
"106",1,"0101",1,2021,2020,3,9,9,30,27,4,4,320,320,4,9,31,21,1,"0108",19,12
"107",1,"0111",10,2020,2020,3,1,1,29,29,4,4,320,320,4,9,31,21,1,"0111",17,10
"108",1,"0101",2,2020,2020,3,9,9,32,32,9,4,320,320,4,9,31,21,1,"0113",8,2
"109",1,"0101",11,2020,2020,3,9,9,25,26,4,4,320,320,4,9,31,21,1,"0115",31,7
"110",1,"0101",5,2021,2020,3,9,9,25,32,4,4,320,320,4,5,31,21,1,"0115",8,11
"111",3,"0309",12,2020,2020,2,9,9,31,33,4,4,320,320,4,9,32,21,1,"0101",7,11
"112",1,"0101",10,2020,2020,3,9,9,33,33,4,9,320,320,4,9,33,21,1,"0101",21,5
"113",1,"0101",2,2021,2020,1,9,9,29,29,9,9,320,320,4,9,33,21,1,"0108",29,11
"114",1,"0101",12,2020,2020,1,9,9,42,33,4,4,320,320,4,5,34,21,1,"0101",8,5
"115",1,"0101",1,2021,2020,2,9,9,28,27,4,4,320,320,4,9,34,21,1,"0101",29,12
"116",1,"0101",12,2020,2020,3,9,9,31,33,4,4,320,320,4,9,34,21,1,"0102",14,11
"117",1,"0101",12,2020,2020,2,9,9,24,41,4,4,320,320,4,5,34,21,1,"0103",28,11
"118",1,"0101",3,2020,2020,2,9,9,33,31,4,4,320,320,4,9,35,21,1,"0101",7,3
"119",3,"0301",12,2020,2020,3,9,9,40,32,4,4,320,320,4,5,35,21,1,"0102",11,11
"120",1,"0101",4,2021,2020,3,9,9,35,35,4,9,320,170,4,9,35,21,1,"0108",27,12
"121",1,"0101",2,2021,2020,3,9,9,31,32,4,4,320,320,4,9,35,21,1,"0113",5,9
"122",1,"0101",8,2020,2020,3,9,9,29,26,9,4,320,320,4,9,31,21,3,"0301",29,2
"123",1,"0101",11,2020,2020,1,9,9,28,25,4,4,320,320,4,9,31,21,3,"0301",6,11
"124",1,"0101",3,2020,2020,3,9,9,32,31,4,4,320,320,4,5,31,21,3,"0301",8,2
"125",1,"0101",12,2020,2020,3,9,9,30,27,4,4,320,320,4,9,35,21,3,"0301",27,11
"126",3,"0309",1,2021,2020,2,9,9,32,31,4,4,320,320,4,5,35,21,3,"0309",7,11
"127",4,"0414",11,2020,2020,3,9,9,29,27,1,4,320,320,4,9,31,21,4,"0401",21,11
"128",6,"0611",8,2020,2020,2,9,9,27,33,4,4,320,320,4,5,31,21,6,"0608",3,8
"129",8,"0802",3,2020,2020,3,9,9,34,32,1,4,320,320,4,5,34,21,9,"0901",22,2
"130",1,"0114",10,2020,2020,3,1,1,27,26,4,4,320,320,4,9,31,21,10,"1014",4,10
"131",1,"0101",8,2020,2020,3,9,9,32,32,4,4,320,320,5,5,21,21,1,"0101",25,7
"132",1,"0101",8,2020,2020,2,9,9,32,31,4,4,320,320,5,9,21,21,1,"0101",11,7
"133",1,"0101",9,2020,2020,2,9,9,29,29,4,9,320,320,9,9,21,21,1,"0101",5,8
"134",1,"0101",8,2020,2020,1,9,9,25,24,4,4,340,320,5,9,21,21,1,"0101",18,7
"135",1,"0108",1,2020,2020,3,9,9,32,27,4,4,320,320,5,9,21,21,1,"0101",18,1
"136",1,"0115",6,2021,2020,3,9,9,36,32,4,4,320,320,6,5,21,21,1,"0101",7,3
"137",1,"0101",3,2021,2020,3,9,9,42,38,4,4,320,320,5,9,21,21,1,"0101",5,12
"138",1,"0101",11,2020,2020,3,9,9,29,30,4,4,320,320,9,5,21,21,1,"0101",24,10
"139",1,"0101",4,2021,2020,3,9,9,35,37,4,4,320,320,5,5,21,21,1,"0101",2,5
"140",1,"0101",11,2020,2020,3,9,9,27,26,4,4,320,320,9,9,21,21,1,"0101",24,10
"141",1,"0101",10,2020,2020,3,9,9,26,27,4,4,320,320,9,9,21,21,1,"0101",19,9
"142",4,"0407",10,2020,2020,3,1,1,27,25,4,4,320,320,9,9,21,21,1,"0101",16,10
"143",1,"0101",2,2021,2020,3,9,9,36,26,4,4,320,320,5,9,21,21,1,"0101",19,11
"144",1,"0101",8,2020,2020,1,9,9,27,26,4,4,320,320,9,9,21,21,1,"0101",22,2
"145",1,"0101",2,2021,2020,3,9,9,29,29,4,4,320,320,9,9,21,21,1,"0101",28,11
"146",1,"0101",10,2020,2020,1,9,9,34,30,4,4,320,320,9,9,21,21,1,"0101",19,4
"147",1,"0101",11,2020,2020,2,9,9,42,39,4,4,320,340,5,5,21,21,1,"0101",22,2
"148",1,"0101",9,2020,2020,3,9,9,37,25,4,4,320,320,5,9,21,21,1,"0101",28,5
"149",1,"0109",12,2020,2020,3,9,9,38,37,4,4,320,320,5,5,21,21,1,"0101",14,11
"150",1,"0101",1,2021,2020,3,9,9,31,31,4,4,320,320,9,5,21,21,1,"0101",3,10
"151",1,"0101",8,2020,2020,2,9,9,39,31,4,4,320,320,9,9,21,21,1,"0101",18,7
"152",1,"0101",2,2020,2020,3,9,9,43,38,4,9,320,320,5,5,21,21,1,"0101",18,1
"153",1,"0101",11,2020,2020,3,9,9,28,29,4,4,320,320,9,9,21,21,1,"0101",18,10
"154",1,"0101",7,2020,2020,3,9,9,32,31,4,4,320,320,5,9,21,21,1,"0101",11,7
"155",1,"0101",1,2021,2020,2,9,9,35,36,4,9,320,320,5,5,21,21,1,"0101",5,12
"156",1,"0101",2,2020,2020,3,9,9,38,31,4,4,320,320,5,5,21,21,1,"0102",18,1
"157",1,"0101",2,2021,2020,3,9,9,34,32,4,4,320,320,5,5,21,21,1,"0108",12,12
"158",1,"0108",6,2021,2020,3,9,9,36,26,4,9,320,340,5,5,21,21,1,"0108",28,11
"159",1,"0101",11,2020,2020,3,9,9,37,34,4,4,320,320,5,9,21,21,1,"0108",24,10
"160",1,"0101",10,2020,2020,2,9,9,38,30,4,4,320,320,9,9,21,21,1,"0108",19,9
"161",1,"0101",12,2020,2020,3,9,9,35,33,4,4,320,320,9,5,21,21,1,"0113",12,12
"162",1,"0113",7,2020,2020,2,9,9,33,29,4,4,320,320,9,9,21,21,1,"0113",27,6
"163",1,"0101",3,2021,2020,2,9,9,52,39,4,4,320,320,5,5,21,21,1,"0113",12,12
"164",1,"0101",1,2021,2020,3,9,9,32,31,4,4,320,320,9,5,21,21,1,"0115",8,2
"165",1,"0101",8,2020,2020,2,9,9,34,34,4,4,320,320,9,5,24,21,1,"0101",22,2
"166",1,"0113",2,2020,2020,3,9,9,37,36,4,4,320,320,9,5,24,21,1,"0113",8,2
"167",1,"0101",10,2020,2020,2,9,9,31,34,4,4,222,320,5,5,24,21,1,"0114",19,9
"168",1,"0101",2,2021,2020,3,9,9,33,26,4,4,320,320,9,9,25,21,1,"0101",12,12
"169",1,"0105",10,2020,2020,3,9,9,35,37,4,4,320,320,5,5,25,21,1,"0103",16,9
"170",1,"0113",6,2020,2020,3,9,9,30,25,4,4,320,320,5,5,25,21,1,"0113",3,6
"171",1,"0101",3,2020,2020,3,9,9,29,26,4,4,320,320,9,9,26,21,1,"0101",19,1
"172",1,"0101",9,2020,2020,3,9,9,52,36,4,4,320,320,5,5,26,21,1,"0101",10,8
"173",1,"0101",1,2021,2020,3,9,9,29,28,9,4,568,320,1,5,26,21,1,"0116",14,11
"174",1,"0101",1,2021,2020,3,9,9,28,35,4,9,320,222,9,9,21,21,3,"0301",28,11
"175",6,"0602",5,2021,2020,3,9,9,37,37,4,4,320,320,5,5,21,21,3,"0301",28,11
"176",3,"0308",11,2020,2020,3,9,9,56,46,4,4,320,320,5,5,21,21,3,"0308",7,11
"177",1,"0101",3,2021,2020,3,9,9,35,30,4,4,320,320,9,5,21,21,3,"0308",20,12
"178",1,"0101",12,2020,2020,3,9,9,30,31,4,9,320,320,9,9,21,21,3,"0312",31,10
"179",3,"0308",1,2021,2020,3,9,9,32,34,4,4,320,320,5,5,24,21,3,"0301",20,11
"180",1,"0101",1,2021,2020,3,9,9,31,29,4,4,320,320,9,5,24,21,3,"0309",24,10
"181",1,"0101",2,2020,2020,3,9,9,35,36,4,4,320,320,5,9,25,21,3,"0301",1,2
"182",1,"0101",3,2021,2020,3,9,9,32,29,4,4,320,320,5,5,26,21,3,"0309",1,11
"183",1,"0101",4,2021,2020,2,9,9,31,30,4,9,320,484,9,5,26,21,3,"0312",14,11
"184",1,"0101",1,2020,2020,2,9,9,27,28,4,4,320,320,9,9,21,21,4,"0403",12,1
"185",1,"0101",3,2021,2020,3,9,9,31,30,4,4,320,320,5,9,21,21,4,"0406",22,2
"186",1,"0102",4,2021,2020,3,1,1,39,35,4,9,222,170,6,6,21,21,4,"0406",18,1
"187",5,"0511",12,2020,2020,3,1,1,34,37,4,4,320,320,5,5,21,21,5,"0511",20,12
"188",9,"0909",3,2021,2020,3,9,9,32,32,4,4,320,320,9,5,21,21,9,"0901",14,11
"189",9,"0901",3,2020,2020,3,9,9,29,28,4,4,320,840,9,5,21,21,9,"0901",16,2
"190",9,"0916",1,2021,2020,3,9,9,44,27,1,4,320,320,5,5,21,21,9,"0923",30,12
"191",9,"0920",11,2020,2020,3,9,9,33,29,4,4,320,320,5,9,21,21,9,"0923",25,9
"192",9,"0901",6,2020,2020,2,9,1,27,33,9,1,720,320,9,5,23,21,9,"0901",25,4
"193",9,"0901",12,2020,2020,3,9,9,33,34,4,4,320,320,9,5,26,21,9,"0901",14,11
"194",9,"0901",12,2020,2020,3,9,9,33,28,4,4,320,320,9,9,26,21,9,"0901",21,11
"195",11,"1101",1,2021,2020,3,1,1,26,27,4,4,320,320,5,5,21,21,11,"1102",20,12
"196",12,"1202",1,2021,2020,3,1,1,35,38,4,4,320,320,5,5,21,21,12,"1202",26,12
"197",18,"1801",12,2020,2020,3,9,9,47,25,4,4,320,320,9,5,21,21,18,"1801",21,11
"198",18,"1804",1,2021,2020,3,9,9,26,24,4,4,320,320,5,5,21,21,18,"1801",19,12
"199",1,"0101",3,2021,2020,3,9,9,32,33,4,4,320,320,9,5,21,21,18,"1801",5,12
"200",20,"2002",10,2020,2020,3,9,9,29,25,4,4,320,840,5,5,21,21,20,"2001",25,10
"201",20,"2007",8,2020,2020,3,9,9,29,27,4,4,320,320,5,5,24,21,20,"2007",2,4
"202",21,"2101",1,2021,2020,3,1,1,34,34,5,4,320,320,5,5,26,21,21,"2101",26,12
"203",22,"2201",11,2020,2020,3,9,9,31,32,4,4,320,320,5,5,24,21,22,"2201",28,11
"204",1,"0101",4,2021,2020,3,9,9,34,35,4,4,320,320,5,5,12,21,1,"0101",7,11
"205",1,"0101",11,2020,2020,1,9,9,38,29,9,4,214,320,9,9,12,21,1,"0101",15,11
"206",1,"0101",10,2020,2020,3,9,9,37,47,4,4,320,320,9,5,12,21,1,"0101",2,8
"207",1,"0101",2,2021,2020,3,9,9,33,30,4,4,320,320,5,9,12,21,1,"0102",9,5
"208",9,"0923",9,2020,2020,1,9,9,32,36,4,4,320,320,5,5,11,21,8,"0802",15,8
"209",1,"0101",6,2020,2020,3,9,9,25,31,4,4,320,320,4,5,1,21,1,"0101",5,6
"210",1,"0101",9,2020,2020,1,9,9,32,33,4,4,320,320,5,5,1,21,1,"0116",19,6
"211",3,"0308",9,2020,2020,3,9,9,47,46,4,4,320,320,5,5,1,21,3,"0308",16,8
"212",1,"0115",9,2020,2020,3,9,9,33,29,4,4,320,320,5,5,97,22,1,"0101",29,8
"213",1,"0101",11,2020,2020,2,9,9,26,29,4,9,170,320,4,5,97,22,1,"0101",26,5
"214",1,"0101",11,2020,2020,2,9,9,44,41,4,4,840,840,5,5,97,22,1,"0101",7,11
"215",1,"0101",2,2020,2020,3,9,9,34,31,4,4,320,320,4,5,97,22,1,"0101",1,2
"216",1,"0101",1,2021,2020,3,9,9,35,35,4,4,320,320,4,5,97,22,1,"0101",5,12
"217",1,"0101",10,2020,2020,1,9,9,29,42,4,4,320,320,3,5,97,22,1,"0101",29,8
"218",1,"0101",11,2020,2020,3,9,9,32,34,4,9,320,170,5,9,97,22,1,"0101",11,11
"219",1,"0101",3,2021,2020,3,9,9,35,34,4,4,320,320,4,9,97,22,1,"0101",28,11
"220",1,"0101",6,2020,2020,2,9,9,23,29,4,9,320,192,4,9,97,22,1,"0101",6,6
"221",1,"0101",8,2020,2020,3,9,9,30,30,4,4,320,320,4,5,97,22,1,"0101",7,8
"222",1,"0101",10,2020,2020,2,9,9,36,37,4,9,320,862,5,5,97,22,1,"0101",17,3
"223",1,"0101",11,2020,2020,2,9,9,39,27,4,4,320,320,1,9,97,22,1,"0101",24,10
"224",1,"0101",8,2020,2020,3,9,9,24,25,4,4,320,320,4,5,97,22,1,"0101",8,8
"225",1,"0101",8,2020,2020,3,9,9,27,25,4,4,320,192,4,5,97,22,1,"0101",1,2
"226",1,"0101",1,2020,2020,3,9,9,30,32,4,4,320,320,5,5,97,22,1,"0101",4,1
"227",1,"0101",12,2020,2020,3,9,9,24,21,4,4,320,320,4,9,97,22,1,"0101",5,12
"228",1,"0101",2,2020,2020,2,9,9,28,30,4,4,320,320,3,9,97,22,1,"0101",31,1
"229",1,"0101",1,2021,2020,3,9,9,26,26,4,4,320,320,3,9,97,22,1,"0101",17,12
"230",1,"0109",2,2020,2020,3,9,9,30,35,4,4,320,320,4,5,97,22,1,"0102",11,1
"231",22,"2201",1,2021,2020,2,9,9,29,28,4,4,320,320,5,9,97,22,1,"0102",21,11
"232",1,"0102",1,2021,2020,3,1,1,33,35,4,4,320,320,4,5,97,22,1,"0102",7,3
"233",3,"0306",10,2020,2020,3,9,9,33,33,4,4,320,320,5,5,97,22,1,"0108",26,9
"234",1,"0115",8,2020,2020,3,9,9,37,35,4,4,320,320,4,5,97,22,1,"0108",25,4
"235",1,"0101",9,2020,2020,3,9,9,30,29,4,9,320,320,5,9,97,22,1,"0108",22,8
"236",1,"0101",2,2021,2020,1,9,9,30,26,4,4,320,320,4,9,97,22,1,"0108",4,7
"237",5,"0511",5,2021,2020,1,9,9,26,30,4,4,320,320,4,5,97,22,1,"0114",8,11
"238",1,"0115",10,2020,2020,3,9,9,28,44,4,4,320,320,4,5,97,22,1,"0115",26,9
"239",1,"0101",3,2021,2020,3,9,9,38,37,4,4,320,320,4,5,97,22,1,"0115",28,11
"240",1,"0101",7,2020,2020,2,9,9,27,34,9,4,192,320,4,5,97,22,1,"0116",1,3
"241",1,"0116",5,2020,2020,3,1,1,27,31,4,4,320,320,4,5,97,22,1,"0116",29,2
"242",13,"1329",12,2020,2020,3,1,1,35,32,1,4,320,320,5,5,97,22,3,"0301",19,12
"243",3,"0301",12,2020,2020,3,9,9,24,36,4,4,320,320,4,5,97,22,3,"0301",5,12
"244",3,"0301",2,2021,2020,3,9,9,38,41,4,4,320,320,4,5,97,22,3,"0301",21,3
"245",1,"0101",1,2021,2020,3,9,9,32,28,4,4,320,320,4,9,97,22,3,"0301",13,12
"246",1,"0101",10,2020,2020,1,9,9,30,28,4,4,320,320,4,9,97,22,3,"0301",5,9
"247",1,"0117",5,2020,2020,3,1,1,26,28,4,4,320,320,4,5,97,22,3,"0307",2,2
"248",3,"0312",2,2020,2020,3,9,9,28,28,4,4,320,320,4,5,97,22,3,"0312",8,2
"249",4,"0401",8,2020,2020,3,9,9,32,29,4,4,320,320,4,5,97,22,4,"0401",9,8
"250",4,"0401",6,2020,2020,3,9,9,30,30,4,4,320,320,4,5,97,22,4,"0401",15,6
"251",4,"0401",11,2020,2020,3,1,1,25,27,1,1,320,320,4,9,97,22,4,"0401",15,11
"252",4,"0403",12,2020,2020,3,9,9,27,26,1,1,320,320,4,9,97,22,4,"0403",19,12
"253",4,"0409",5,2020,2020,3,1,1,26,32,1,1,320,320,3,5,97,22,4,"0406",9,5
"254",4,"0411",11,2020,2020,3,9,9,28,30,4,4,320,320,4,9,97,22,4,"0406",21,11
"255",4,"0407",12,2020,2020,3,1,1,31,31,1,1,320,320,4,5,97,22,4,"0407",4,12
"256",4,"0411",10,2020,2020,3,1,1,23,33,4,4,320,320,3,9,97,22,4,"0411",24,10
"257",5,"0509",6,2021,2020,3,9,9,21,26,5,4,320,840,4,9,97,22,5,"0509",8,7
"258",12,"1201",7,2020,2020,3,1,1,29,28,4,4,320,320,5,5,97,22,7,"0710",28,2
"259",13,"1328",6,2020,2020,3,9,9,34,29,4,9,320,320,4,5,97,22,9,"0901",29,2
"260",13,"1301",11,2020,2020,3,9,9,29,28,9,4,320,320,4,9,97,22,9,"0901",14,11
"261",9,"0901",3,2020,2020,2,9,9,31,28,4,4,320,320,4,9,97,22,9,"0901",12,2
"262",9,"0917",8,2020,2020,3,9,9,29,26,4,4,320,320,3,5,97,22,9,"0917",14,8
"263",9,"0920",1,2020,2020,3,9,9,29,32,4,4,320,320,4,5,97,22,9,"0923",3,1
"264",10,"1001",11,2020,2020,3,9,9,29,31,4,9,320,840,3,9,97,22,10,"1001",7,11
"265",11,"1101",1,2020,2020,3,9,9,71,51,4,4,320,320,5,5,97,22,11,"1101",18,1
"266",12,"1201",6,2020,2020,3,1,1,28,28,4,4,320,320,4,5,97,22,12,"1201",5,6
"267",13,"1301",6,2020,2020,3,9,9,31,27,4,4,320,320,5,5,97,22,13,"1301",29,5
"268",16,"1610",1,2021,2020,3,9,9,40,29,4,4,320,320,5,5,97,22,16,"1601",18,4
"269",16,"1603",10,2020,2020,3,1,1,34,30,4,4,320,320,5,5,97,22,16,"1602",24,10
"270",16,"1602",11,2020,2020,3,9,9,26,28,1,1,320,320,4,5,97,22,16,"1602",14,11
"271",16,"1604",12,2020,2020,3,9,9,27,45,4,4,320,320,4,5,97,22,16,"1604",4,10
"272",16,"1609",2,2020,2020,3,9,9,23,37,4,4,320,320,4,5,97,22,16,"1609",31,1
"273",17,"1703",6,2020,2020,3,1,1,31,30,4,4,320,320,5,5,97,22,17,"1701",29,5
"274",17,"1705",9,2020,2020,3,9,9,22,34,4,1,320,320,3,5,97,22,17,"1705",5,9
"275",18,"1801",7,2020,2020,3,9,9,31,36,9,4,320,320,5,5,97,22,18,"1801",18,7
"276",18,"1801",1,2021,2020,3,9,9,54,43,4,4,320,320,1,9,97,22,18,"1801",31,12
"277",14,"1401",1,2021,2020,3,9,9,29,30,4,4,320,320,4,5,97,22,19,"1901",13,12
"278",19,"1902",12,2020,2020,3,9,9,27,30,4,4,320,840,4,9,97,22,20,"2007",14,11
"279",1,"0115",12,2020,2020,3,9,9,49,45,4,4,320,320,4,9,96,22,1,"0101",6,12
"280",3,"0308",5,2020,2020,3,9,9,28,26,9,5,752,320,1,9,94,22,3,"0308",20,3
"281",10,"1001",1,2020,2020,3,9,9,34,27,1,9,320,840,2,9,92,22,10,"1001",11,1
"282",1,"0115",12,2020,2020,2,9,9,55,55,4,4,320,320,2,5,83,22,1,"0101",12,12
"283",6,"0608",12,2020,2020,3,9,9,25,31,4,1,320,320,4,5,81,22,6,"0609",17,12
"284",12,"1215",1,2021,2020,3,1,1,41,41,4,9,320,320,3,9,81,22,12,"1215",18,11
"285",1,"0117",7,2020,2020,3,1,1,52,44,4,4,320,320,3,5,72,22,1,"0117",2,4
"286",1,"0101",9,2020,2020,1,9,9,45,39,9,4,720,320,9,9,74,22,1,"0101",27,8
"287",9,"0901",5,2020,2020,3,9,9,48,42,4,9,320,192,5,5,72,22,9,"0901",7,2
"288",9,"0920",11,2020,2020,3,9,9,51,45,4,4,320,320,3,5,72,22,9,"0920",13,8
"289",22,"2201",3,2020,2020,3,2,2,60,57,4,4,320,320,2,9,71,22,22,"2201",6,3
"290",17,"1703",2,2020,2020,3,2,1,34,43,4,4,320,320,5,5,52,22,1,"0101",15,1
"291",1,"0110",3,2020,2020,3,9,9,31,37,4,1,320,320,4,5,52,22,1,"0101",22,2
"292",1,"0101",11,2020,2020,2,9,9,35,32,4,4,320,320,4,9,52,22,1,"0101",23,8
"293",1,"0110",12,2020,2020,3,9,9,27,27,1,1,320,320,4,5,52,22,1,"0110",31,1
"294",1,"0101",12,2020,2020,1,9,9,32,30,1,4,320,320,4,9,52,22,1,"0113",15,2
"295",1,"0101",9,2020,2020,3,9,9,50,47,4,4,320,320,4,9,52,22,1,"0116",5,9
"296",3,"0302",2,2020,2020,2,2,1,42,40,4,9,320,568,5,5,52,22,3,"0301",20,2
"297",5,"0501",2,2021,2020,3,9,9,40,37,4,9,320,192,4,9,52,22,3,"0302",12,12
"298",1,"0101",3,2021,2020,3,9,9,42,32,4,4,320,320,4,5,52,22,3,"0309",12,12
"299",5,"0512",10,2020,2020,2,1,1,45,38,9,4,170,320,1,9,52,22,5,"0501",3,9
"300",9,"0901",8,2020,2020,3,9,9,26,30,1,1,320,320,2,9,52,22,9,"0901",22,6
"301",9,"0901",3,2020,2020,3,9,9,36,39,1,1,320,320,1,9,52,22,9,"0901",11,2
"302",13,"1301",7,2020,2020,3,9,9,33,40,9,9,192,192,9,5,52,22,13,"1301",29,5
"303",13,"1301",1,2021,2020,3,9,9,46,40,4,4,320,320,2,9,52,22,13,"1301",12,12
"304",13,"1301",9,2020,2020,3,9,9,43,55,4,4,320,320,2,9,52,22,13,"1301",3,9
"305",1,"0114",11,2020,2020,3,9,9,37,36,4,9,320,192,4,9,52,22,17,"1710",19,10
"306",18,"1801",12,2020,2020,1,9,9,45,36,4,4,320,320,9,9,52,22,18,"1801",10,12
"307",1,"0101",4,2021,2020,1,9,9,42,60,4,9,320,340,3,9,52,22,22,"2212",5,12
"308",1,"0101",11,2020,2020,1,9,9,24,27,4,4,320,320,4,5,43,22,1,"0116",22,8
"309",1,"0116",11,2020,2020,3,1,1,36,35,1,4,320,320,4,5,43,22,1,"0116",29,11
"310",1,"0101",11,2020,2020,3,9,9,29,30,9,5,320,320,9,5,43,22,3,"0306",7,11
"311",9,"0901",12,2020,2020,3,9,9,39,40,4,1,320,320,4,5,43,22,9,"0901",14,2
"312",9,"0920",10,2020,2020,3,9,9,30,27,4,4,320,320,4,5,43,22,9,"0920",17,10
"313",12,"1201",9,2020,2020,2,1,1,24,21,4,9,320,320,4,9,43,22,12,"1202",1,8
"314",1,"0102",1,2021,2020,3,1,1,32,31,9,4,320,320,4,5,31,22,1,"0102",5,12
"315",1,"0113",6,2020,2020,2,9,9,32,28,4,4,320,320,4,9,31,22,1,"0113",29,5
"316",1,"0101",5,2020,2020,2,9,9,29,31,4,4,320,320,4,9,32,22,1,"0101",21,2
"317",1,"0101",12,2020,2020,3,9,9,37,37,4,4,320,320,4,5,33,22,1,"0101",29,2
"318",1,"0101",1,2021,2020,3,9,9,42,38,4,4,320,320,4,5,33,22,1,"0108",12,12
"319",1,"0102",11,2020,2020,3,1,1,28,28,4,4,320,320,4,9,33,22,1,"0116",22,10
"320",1,"0101",6,2021,2020,3,9,9,34,34,4,4,320,320,4,5,34,22,1,"0101",2,12
"321",1,"0101",9,2020,2020,3,9,9,29,30,4,4,320,320,4,9,34,22,1,"0101",23,7
"322",3,"0301",10,2020,2020,3,9,9,27,30,4,9,320,170,4,5,34,22,3,"0301",9,10
"323",4,"0410",12,2020,2020,3,9,9,34,36,4,1,320,320,4,5,31,22,4,"0406",29,11
"324",9,"0901",5,2020,2020,2,9,9,23,31,4,9,320,320,4,5,34,22,6,"0603",14,2
"325",8,"0802",1,2021,2020,3,1,1,29,28,1,1,320,320,9,5,34,22,8,"0802",15,2
"326",8,"0802",9,2020,2020,3,9,9,36,31,1,1,320,320,4,5,35,22,8,"0802",22,8
"327",9,"0901",3,2021,2020,2,9,9,34,29,4,4,320,320,4,9,32,22,9,"0901",19,12
"328",9,"0905",11,2020,2020,3,9,9,28,29,4,4,320,320,4,5,31,22,9,"0901",7,11
"329",9,"0901",6,2020,2020,3,9,9,27,27,4,4,320,320,4,5,32,22,9,"0901",9,6
"330",11,"1101",1,2021,2020,3,9,9,27,23,4,4,320,320,3,5,32,22,11,"1101",12,12
"331",11,"1105",9,2020,2020,3,9,9,33,29,4,4,320,320,4,5,33,22,11,"1101",19,9
"332",12,"1201",4,2020,2020,3,1,1,26,24,4,4,320,320,4,5,32,22,12,"1201",6,4
"333",14,"1420",1,2021,2020,3,1,1,70,47,1,1,320,320,9,9,32,22,14,"1420",22,12
"334",16,"1601",3,2020,2020,3,1,1,44,35,4,4,320,320,4,5,34,22,16,"1601",22,2
"335",20,"2007",5,2021,2020,1,9,9,25,30,4,4,320,320,4,5,34,22,20,"2007",22,5
"336",20,"2001",12,2020,2020,2,9,9,42,37,4,4,320,320,5,5,35,22,20,"2001",27,11
"337",21,"2101",3,2020,2020,3,1,1,30,28,9,9,320,320,4,5,35,22,21,"2101",7,3
"338",22,"2213",5,2020,2020,3,9,9,40,50,4,4,320,320,9,5,31,22,22,"2213",8,5
"339",20,"2011",3,2020,2020,3,1,1,21,25,4,4,320,630,4,9,33,22,22,"2204",1,3
"340",22,"2201",5,2020,2020,3,9,9,27,29,4,1,320,320,9,9,34,22,22,"2201",30,4
"341",1,"0114",3,2021,2020,2,1,1,35,36,9,4,320,320,9,5,21,22,1,"0101",14,11
"342",1,"0101",1,2021,2020,2,9,9,34,35,4,4,320,320,5,9,21,22,1,"0101",12,12
"343",1,"0101",2,2020,2020,3,9,9,30,28,4,9,320,320,5,5,21,22,1,"0101",9,2
"344",1,"0101",7,2020,2020,3,9,9,29,26,4,4,320,320,9,9,21,22,1,"0101",17,7
"345",1,"0101",11,2020,2020,2,9,9,41,33,4,4,320,320,5,5,21,22,1,"0101",5,9
"346",1,"0101",3,2021,2020,3,9,9,40,35,4,4,320,320,5,6,21,22,1,"0101",13,12
"347",1,"0101",7,2020,2020,3,9,9,29,25,4,9,320,340,9,9,21,22,1,"0101",5,1
"348",1,"0101",11,2020,2020,2,9,9,58,47,4,4,320,320,9,5,21,22,1,"0101",24,10
"349",1,"0101",12,2020,2020,2,9,9,33,33,1,4,320,320,5,9,21,22,1,"0101",17,7
"350",1,"0101",4,2021,2020,3,9,9,27,28,4,4,320,320,9,9,21,22,1,"0101",1,2
"351",1,"0101",11,2020,2020,3,9,9,27,28,4,4,320,320,9,9,21,22,1,"0115",3,5
"352",1,"0106",12,2020,2020,1,1,1,29,26,4,4,320,320,9,5,22,22,1,"0101",12,12
"353",1,"0108",2,2021,2020,3,9,9,31,30,4,4,320,320,9,5,22,22,1,"0101",8,11
"354",1,"0101",11,2020,2020,3,9,9,30,31,4,4,320,320,9,5,22,22,1,"0101",21,5
"355",1,"0101",11,2020,2020,3,9,9,32,31,9,4,222,320,9,5,22,22,1,"0101",2,2
"356",1,"0101",3,2020,2020,3,9,9,32,32,4,4,320,320,9,5,22,22,1,"0101",18,1
"357",1,"0101",1,2021,2020,3,9,9,36,32,4,4,320,320,9,5,22,22,1,"0101",18,12
"358",1,"0101",8,2020,2020,3,9,9,26,27,4,4,320,320,5,5,22,22,1,"0101",27,6
"359",1,"0101",8,2020,2020,3,9,9,28,28,4,9,320,320,5,5,22,22,1,"0101",31,7
"360",1,"0101",1,2021,2020,3,9,9,32,29,4,4,320,320,5,5,22,22,1,"0101",14,11
"361",1,"0101",10,2020,2020,3,9,9,32,29,4,9,320,320,5,5,22,22,1,"0101",19,9
"362",1,"0101",2,2021,2020,3,9,9,29,30,4,4,320,320,5,5,22,22,1,"0101",24,10
"363",1,"0101",10,2020,2020,1,9,9,31,31,4,4,320,320,5,5,22,22,1,"0101",10,10
"364",3,"0308",3,2020,2020,3,9,9,32,33,4,4,320,320,5,5,22,22,1,"0101",8,2
"365",1,"0101",11,2020,2020,3,9,9,33,37,4,4,320,320,5,5,22,22,1,"0101",11,1
"366",1,"0101",1,2021,2020,2,9,9,53,43,4,4,320,320,5,5,22,22,1,"0101",13,12
"367",1,"0101",7,2020,2020,3,9,9,35,32,4,4,320,320,6,9,22,22,1,"0101",21,3
"368",1,"0101",11,2020,2020,3,9,9,31,29,4,4,320,320,5,9,22,22,1,"0101",18,7
"369",1,"0101",12,2020,2020,3,9,9,42,32,4,4,320,320,5,9,22,22,1,"0101",4,12
"370",1,"0101",1,2021,2020,3,9,9,41,38,4,4,320,320,5,5,22,22,1,"0101",12,12
"371",1,"0101",10,2020,2020,3,9,9,34,31,9,4,320,320,5,9,22,22,1,"0101",17,10
"372",1,"0101",11,2020,2020,3,9,9,30,27,4,4,320,320,9,9,22,22,1,"0101",24,10
"373",1,"0101",10,2020,2020,3,9,9,32,29,4,9,320,320,5,9,22,22,1,"0101",3,10
"374",1,"0101",5,2020,2020,3,9,9,33,29,9,4,484,320,9,9,22,22,1,"0101",11,3
"375",1,"0101",12,2020,2020,3,9,9,32,31,4,4,320,320,9,9,22,22,1,"0101",12,12
"376",1,"0101",12,2020,2020,3,9,9,45,33,4,4,320,320,5,9,22,22,1,"0101",28,11
"377",1,"0101",8,2020,2020,3,9,9,67,45,4,4,320,320,5,5,22,22,1,"0101",21,7
"378",1,"0101",6,2020,2020,3,9,9,34,34,4,4,320,320,5,6,22,22,1,"0101",15,2
"379",1,"0101",12,2020,2020,3,9,9,42,29,4,1,320,320,5,9,22,22,1,"0101",7,9
"380",1,"0107",8,2020,2020,3,9,9,23,22,4,4,320,320,5,9,22,22,1,"0102",14,3
"381",1,"0106",9,2020,2020,3,1,1,33,36,4,4,320,320,5,5,22,22,1,"0106",7,8
"382",1,"0105",10,2020,2020,3,9,9,33,39,1,4,320,320,9,5,22,22,1,"0108",6,9
"383",1,"0101",8,2020,2020,3,9,9,27,27,4,4,320,320,5,5,22,22,1,"0108",21,7
"384",1,"0101",1,2021,2020,3,9,9,26,26,4,4,320,320,9,9,22,22,1,"0108",19,12
"385",1,"0101",11,2020,2020,3,9,9,30,26,4,4,320,320,5,9,22,22,1,"0108",20,10
"386",3,"0308",10,2020,2020,3,9,9,61,55,4,4,320,320,5,6,22,22,1,"0108",13,8
"387",1,"0108",2,2020,2020,2,9,9,28,29,4,4,320,320,9,5,22,22,1,"0108",18,1
"388",1,"0101",12,2020,2020,3,9,9,41,37,4,4,320,320,5,5,22,22,1,"0108",11,10
"389",1,"0101",9,2020,2020,3,9,9,33,31,4,9,320,320,5,9,22,22,1,"0108",15,8
"390",1,"0101",5,2021,2020,3,9,9,31,29,4,9,320,320,5,5,22,22,1,"0111",18,1
"391",1,"0114",8,2020,2020,2,9,9,36,29,4,4,320,320,9,5,22,22,1,"0114",1,8
"392",4,"0414",11,2020,2020,3,9,9,43,34,4,4,320,320,5,5,23,22,1,"0108",10,10
"393",1,"0101",10,2020,2020,3,9,9,37,34,4,4,320,320,5,5,24,22,1,"0101",15,8
"394",1,"0101",5,2020,2020,2,9,9,39,36,4,4,320,320,5,5,24,22,1,"0101",14,3
"395",1,"0101",8,2020,2020,3,9,9,25,25,4,4,320,320,5,5,24,22,1,"0101",29,7
"396",1,"0101",3,2020,2020,3,9,9,32,32,4,4,320,320,9,9,24,22,1,"0108",8,2
"397",1,"0101",11,2020,2020,3,9,9,30,36,4,4,320,320,9,5,24,22,1,"0110",11,1
"398",1,"0102",3,2020,2020,1,9,9,33,38,9,4,320,320,9,5,25,22,1,"0103",2,2
"399",1,"0101",6,2020,2020,3,9,9,31,31,4,4,320,320,9,5,26,22,1,"0101",7,3
"400",1,"0101",11,2020,2020,3,9,9,34,32,4,4,320,320,9,9,26,22,1,"0101",8,11
"401",1,"0101",3,2021,2020,3,9,9,34,32,4,4,320,320,9,5,26,22,1,"0101",1,3
"402",9,"0913",1,2021,2020,3,9,9,31,30,4,9,320,320,9,5,26,22,1,"0114",26,12
"403",1,"0101",2,2021,2020,1,9,9,35,27,9,4,222,320,9,5,22,22,3,"0301",5,11
"404",3,"0301",12,2020,2020,3,9,9,38,29,4,4,320,320,6,5,22,22,3,"0301",21,11
"405",1,"0101",11,2020,2020,3,9,9,28,29,4,4,320,320,5,5,22,22,3,"0301",25,10
"406",1,"0101",4,2021,2020,3,9,9,35,35,4,4,320,320,5,5,22,22,3,"0301",12,12
"407",3,"0301",12,2020,2020,1,9,9,37,33,4,4,320,320,5,5,22,22,3,"0301",28,11
"408",1,"0101",9,2020,2020,3,9,9,30,30,4,4,320,320,5,5,22,22,3,"0308",5,6
"409",1,"0101",12,2020,2020,3,9,9,29,28,9,4,320,320,9,9,22,22,3,"0308",14,11
"410",1,"0101",4,2021,2020,3,9,9,28,29,4,4,320,320,9,5,22,22,3,"0309",20,12
"411",1,"0101",12,2020,2020,3,9,9,32,32,4,4,320,320,5,5,22,22,3,"0309",15,11
"412",1,"0105",3,2021,2020,3,9,9,26,28,4,4,320,320,9,9,22,22,3,"0309",19,11
"413",3,"0311",10,2020,2020,3,9,9,34,25,4,4,320,320,5,9,22,22,3,"0311",3,10
"414",11,"1101",1,2021,2020,3,9,9,40,29,4,4,320,320,9,5,26,22,3,"0309",20,12
"415",4,"0402",5,2021,2020,3,2,1,42,35,1,1,320,320,5,5,22,22,4,"0406",18,1
"416",1,"0101",3,2021,2020,2,9,9,29,30,4,1,320,320,5,5,22,22,4,"0415",27,12
"417",5,"0501",1,2021,2020,3,9,9,31,33,4,9,320,320,9,5,22,22,5,"0501",12,12
"418",1,"0101",2,2021,2020,1,9,9,30,27,4,4,320,320,5,5,22,22,5,"0501",12,11
"419",7,"0701",10,2020,2020,3,9,9,30,36,4,4,320,320,9,5,22,22,7,"0701",24,10
"420",1,"0106",5,2021,2020,3,1,1,27,26,4,4,320,320,5,5,22,22,7,"0710",12,12
"421",1,"0101",6,2020,2020,3,9,9,27,27,4,4,320,320,5,5,22,22,7,"0710",14,3
"422",7,"0712",7,2020,2020,3,1,1,30,32,1,1,320,320,5,5,22,22,7,"0712",11,7
"423",7,"0719",7,2020,2020,3,9,9,32,29,1,1,320,320,5,9,22,22,7,"0719",8,2
"424",8,"0801",1,2021,2020,3,9,9,26,29,1,1,320,320,5,5,22,22,8,"0801",30,12
"425",9,"0901",5,2021,2020,2,9,9,27,27,4,9,320,320,5,5,22,22,9,"0901",15,11
"426",9,"0901",11,2020,2020,3,9,9,33,28,4,4,320,320,5,5,22,22,9,"0901",1,11
"427",9,"0901",11,2020,2020,3,9,9,30,30,9,4,320,320,5,5,22,22,9,"0901",3,10
"428",9,"0923",8,2020,2020,3,9,9,30,31,4,4,320,320,5,5,22,22,9,"0901",15,8
"429",9,"0901",4,2021,2020,3,9,9,30,31,4,4,320,320,5,5,22,22,9,"0901",11,12
"430",1,"0113",1,2021,2020,2,9,9,30,32,4,4,320,320,5,5,22,22,9,"0901",12,12
"431",9,"0901",12,2020,2020,3,9,9,27,33,1,1,320,320,5,5,22,22,9,"0901",5,11
"432",9,"0901",9,2020,2020,3,9,9,46,45,4,4,320,320,5,5,22,22,9,"0901",15,2
"433",9,"0901",2,2021,2020,3,9,9,32,31,4,4,320,320,9,5,22,22,9,"0923",19,12
"434",9,"0901",8,2020,2020,3,9,9,30,31,1,1,320,320,5,9,22,22,9,"0923",8,8
"435",1,"0101",1,2021,2020,3,9,9,35,32,4,4,320,320,5,9,22,22,9,"0923",22,8
"436",8,"0803",3,2020,2020,3,9,9,34,34,9,4,320,320,9,5,26,22,9,"0901",5,3
"437",10,"1003",2,2020,2020,3,9,9,32,34,1,4,320,320,5,5,22,22,10,"1003",1,2
"438",11,"1101",3,2020,2020,3,9,9,34,32,4,4,320,320,5,9,22,22,11,"1101",7,3
"439",9,"0901",10,2020,2020,3,9,9,56,55,4,4,320,320,5,5,22,22,11,"1101",30,9
"440",12,"1201",11,2020,2020,3,1,1,29,27,4,4,320,320,5,9,22,22,12,"1201",29,8
"441",12,"1202",9,2020,2020,3,1,1,27,26,4,4,320,320,5,5,22,22,12,"1202",29,8
"442",12,"1202",1,2020,2020,3,1,1,50,49,4,4,320,320,5,5,24,22,12,"1202",5,1
"443",10,"1001",2,2021,2020,3,9,9,37,29,4,4,320,320,5,5,22,22,13,"1301",24,10
"444",13,"1301",2,2020,2020,2,1,9,34,29,1,4,320,320,5,5,22,22,13,"1301",22,2
"445",14,"1401",3,2021,2020,2,9,9,34,31,4,9,320,320,9,9,22,22,14,"1401",28,11
"446",14,"1414",10,2020,2020,